{
  "max_energy": [
    18.348421486656495,
    11.047961043698697,
    17.44640481679518,
    13.605008362562856,
    13.59310837808072,
    16.092383806181516,
    13.937795510882513,
    14.090726098608986,
    15.099024095896064,
    17.101479933270735
  ],
  "max_power": [
    9.174210743328247,
    5.5239805218493485,
    8.72320240839759,
    6.802504181281428,
    6.79655418904036,
    8.046191903090758,
    6.968897755441256,
    7.045363049304493,
    7.549512047948032,
    8.550739966635367
  ],
  "initial_soc": [
    9.174210743328247,
    5.5239805218493485,
    8.72320240839759,
    6.802504181281428,
    6.79655418904036,
    8.046191903090758,
    6.968897755441256,
    7.045363049304493,
    7.549512047948032,
    8.550739966635367
  ],
  "final_soc_min": [
    3.6696842973312993,
    2.2095922087397395,
    3.489280963359036,
    2.721001672512571,
    2.718621675616144,
    3.218476761236303,
    2.7875591021765027,
    2.8181452197217975,
    3.019804819179213,
    3.420295986654147
  ]
}